{"cameraMode":{"drawMode":0,"name":"Shaded","section":"Shading Mode"},"sceneLighting":false,"audioPlay":false,"sceneViewState":{"showFog":true,"showMaterialUpdate":false,"showSkybox":false,"showFlares":true,"showImageEffects":true,"showParticleSystems":true},"in2DMode":false,"pivot":{"x":3.6989080905914308,"y":0.4939541816711426,"z":74.97303009033203},"rotation":{"x":-0.31664562225341799,"y":0.43871527910232546,"z":-0.1686069816350937,"w":-0.8239347338676453},"size":1.38631010055542,"orthographic":false}