{"cameraMode":{"drawMode":0,"name":"Shaded","section":"Shading Mode"},"sceneLighting":true,"audioPlay":false,"sceneViewState":{"showFog":true,"showMaterialUpdate":false,"showSkybox":true,"showFlares":true,"showImageEffects":true,"showParticleSystems":true},"in2DMode":false,"pivot":{"x":11.987000465393067,"y":0.2639999985694885,"z":-1.899999976158142},"rotation":{"x":-0.1501547396183014,"y":0.4390091598033905,"z":-0.07482817023992539,"w":-0.882685124874115},"size":39.91317367553711,"orthographic":false}