{"cameraMode":{"drawMode":0,"name":"Shaded","section":"Shading Mode"},"sceneLighting":false,"audioPlay":false,"sceneViewState":{"showFog":true,"showMaterialUpdate":false,"showSkybox":false,"showFlares":true,"showImageEffects":true,"showParticleSystems":true},"in2DMode":false,"pivot":{"x":-7.852385520935059,"y":0.8667716979980469,"z":-17.207204818725587},"rotation":{"x":-0.04650688171386719,"y":0.9332446455955505,"z":-0.33129045367240908,"w":-0.13105759024620057},"size":5.200165271759033,"orthographic":false}