{"cameraMode":{"drawMode":0,"name":"Shaded","section":"Shading Mode"},"sceneLighting":false,"audioPlay":false,"sceneViewState":{"showFog":true,"showMaterialUpdate":false,"showSkybox":false,"showFlares":true,"showImageEffects":true,"showParticleSystems":true},"in2DMode":false,"pivot":{"x":-1.3247127532958985,"y":-0.5345912575721741,"z":2.0815722942352297},"rotation":{"x":0.12260167300701142,"y":0.7541002631187439,"z":-0.14694762229919434,"w":0.6282607316970825},"size":29.72197151184082,"orthographic":false}