{"cameraMode":{"drawMode":0,"name":"Shaded","section":"Shading Mode"},"sceneLighting":true,"audioPlay":false,"sceneViewState":{"showFog":true,"showMaterialUpdate":false,"showSkybox":true,"showFlares":true,"showImageEffects":true,"showParticleSystems":true},"in2DMode":false,"pivot":{"x":-10.85966682434082,"y":-1.3899509906768799,"z":-13.73415756225586},"rotation":{"x":-0.2560522258281708,"y":0.4338889718055725,"z":-0.13009703159332276,"w":-0.8539637923240662},"size":7.808320999145508,"orthographic":false}