{"cameraMode":{"drawMode":0,"name":"Shaded","section":"Shading Mode"},"sceneLighting":false,"audioPlay":false,"sceneViewState":{"showFog":true,"showMaterialUpdate":false,"showSkybox":false,"showFlares":true,"showImageEffects":true,"showParticleSystems":true},"in2DMode":false,"pivot":{"x":-0.061318397521972659,"y":0.008578777313232422,"z":0.0},"rotation":{"x":0.06634359061717987,"y":0.5748082399368286,"z":-0.04683385789394379,"w":0.8142484426498413},"size":25.6127986907959,"orthographic":true}