{"cameraMode":{"drawMode":0,"name":"Shaded","section":"Shading Mode"},"sceneLighting":true,"audioPlay":false,"sceneViewState":{"showFog":true,"showMaterialUpdate":false,"showSkybox":true,"showFlares":true,"showImageEffects":true,"showParticleSystems":true},"in2DMode":false,"pivot":{"x":-4.3284783363342289,"y":0.7935664057731628,"z":1.0776342153549195},"rotation":{"x":0.12610499560832978,"y":-0.6980669498443604,"z":0.12799905240535737,"w":0.693520724773407},"size":1.294806957244873,"orthographic":false}